mechanism, data size, buffer/package size, rep num, Transfer time,
pipe,524288,4,1,31205,
pipe,524288,4,2,28144,
pipe,524288,4,3,31716,
pipe,524288,4,4,32807,
pipe,524288,4,5,35412,
pipe,524288,4,6,38691,
pipe,524288,4,7,42278,
pipe,524288,4,8,35269,
pipe,524288,4,9,35620,
pipe,524288,4,10,30218,
pipe,524288,16,1,7571,
pipe,524288,16,2,8850,
pipe,524288,16,3,6874,
pipe,524288,16,4,8041,
pipe,524288,16,5,8406,
pipe,524288,16,6,5795,
pipe,524288,16,7,7614,
pipe,524288,16,8,8202,
pipe,524288,16,9,6973,
pipe,524288,16,10,6560,
pipe,524288,64,1,1476,
pipe,524288,64,2,2046,
pipe,524288,64,3,1673,
pipe,524288,64,4,2097,
pipe,524288,64,5,2325,
pipe,524288,64,6,2302,
pipe,524288,64,7,2471,
pipe,524288,64,8,2219,
pipe,524288,64,9,1941,
pipe,524288,64,10,2356,
pipe,524288,256,1,518,
pipe,524288,256,2,525,
pipe,524288,256,3,411,
pipe,524288,256,4,695,
pipe,524288,256,5,384,
pipe,524288,256,6,550,
pipe,524288,256,7,415,
pipe,524288,256,8,464,
pipe,524288,256,9,433,
pipe,524288,256,10,673,
pipe,524288,1024,1,414,
pipe,524288,1024,2,524,
pipe,524288,1024,3,253,
pipe,524288,1024,4,225,
pipe,524288,1024,5,232,
pipe,524288,1024,6,211,
pipe,524288,1024,7,297,
pipe,524288,1024,8,262,
pipe,524288,1024,9,240,
pipe,524288,1024,10,240,
pipe,524288,4096,1,140,
pipe,524288,4096,2,143,
pipe,524288,4096,3,128,
pipe,524288,4096,4,338,
pipe,524288,4096,5,146,
pipe,524288,4096,6,246,
pipe,524288,4096,7,141,
pipe,524288,4096,8,147,
pipe,524288,4096,9,455,
pipe,524288,4096,10,183,
pipe,524288,16384,1,130,
pipe,524288,16384,2,197,
pipe,524288,16384,3,117,
pipe,524288,16384,4,143,
pipe,524288,16384,5,134,
pipe,524288,16384,6,105,
pipe,524288,16384,7,133,
pipe,524288,16384,8,147,
pipe,524288,16384,9,136,
pipe,524288,16384,10,149,
pipe,524288,65536,1,382,
pipe,524288,65536,2,162,
pipe,524288,65536,3,146,
pipe,524288,65536,4,199,
pipe,524288,65536,5,107,
pipe,524288,65536,6,154,
pipe,524288,65536,7,187,
pipe,524288,65536,8,188,
pipe,524288,65536,9,136,
pipe,524288,65536,10,223,
pipe,1048576,4,1,60499,
pipe,1048576,4,2,60624,
pipe,1048576,4,3,78757,
pipe,1048576,4,4,69581,
pipe,1048576,4,5,80271,
pipe,1048576,4,6,86145,
pipe,1048576,4,7,66689,
pipe,1048576,4,8,82647,
pipe,1048576,4,9,63342,
pipe,1048576,4,10,67625,
pipe,1048576,16,1,12733,
pipe,1048576,16,2,15637,
pipe,1048576,16,3,19975,
pipe,1048576,16,4,18319,
pipe,1048576,16,5,18541,
pipe,1048576,16,6,16504,
pipe,1048576,16,7,16046,
pipe,1048576,16,8,14362,
pipe,1048576,16,9,15358,
pipe,1048576,16,10,13415,
pipe,1048576,64,1,4996,
pipe,1048576,64,2,3439,
pipe,1048576,64,3,4085,
pipe,1048576,64,4,3611,
pipe,1048576,64,5,3687,
pipe,1048576,64,6,2794,
pipe,1048576,64,7,4514,
pipe,1048576,64,8,4711,
pipe,1048576,64,9,2836,
pipe,1048576,64,10,3946,
pipe,1048576,256,1,747,
pipe,1048576,256,2,786,
pipe,1048576,256,3,753,
pipe,1048576,256,4,811,
pipe,1048576,256,5,726,
pipe,1048576,256,6,1347,
pipe,1048576,256,7,1347,
pipe,1048576,256,8,778,
pipe,1048576,256,9,1114,
pipe,1048576,256,10,785,
pipe,1048576,1024,1,515,
pipe,1048576,1024,2,704,
pipe,1048576,1024,3,515,
pipe,1048576,1024,4,436,
pipe,1048576,1024,5,476,
pipe,1048576,1024,6,442,
pipe,1048576,1024,7,447,
pipe,1048576,1024,8,556,
pipe,1048576,1024,9,667,
pipe,1048576,1024,10,557,
pipe,1048576,4096,1,279,
pipe,1048576,4096,2,283,
pipe,1048576,4096,3,259,
pipe,1048576,4096,4,261,
pipe,1048576,4096,5,275,
pipe,1048576,4096,6,291,
pipe,1048576,4096,7,323,
pipe,1048576,4096,8,269,
pipe,1048576,4096,9,311,
pipe,1048576,4096,10,287,
pipe,1048576,16384,1,278,
pipe,1048576,16384,2,253,
pipe,1048576,16384,3,257,
pipe,1048576,16384,4,728,
pipe,1048576,16384,5,246,
pipe,1048576,16384,6,330,
pipe,1048576,16384,7,270,
pipe,1048576,16384,8,252,
pipe,1048576,16384,9,239,
pipe,1048576,16384,10,266,
pipe,1048576,65536,1,282,
pipe,1048576,65536,2,364,
pipe,1048576,65536,3,246,
pipe,1048576,65536,4,231,
pipe,1048576,65536,5,264,
pipe,1048576,65536,6,269,
pipe,1048576,65536,7,254,
pipe,1048576,65536,8,293,
pipe,1048576,65536,9,263,
pipe,1048576,65536,10,634,
pipe,1572864,4,1,97197,
pipe,1572864,4,2,92479,
pipe,1572864,4,3,110263,
pipe,1572864,4,4,122529,
pipe,1572864,4,5,104735,
pipe,1572864,4,6,119275,
pipe,1572864,4,7,102695,
pipe,1572864,4,8,97517,
pipe,1572864,4,9,95445,
pipe,1572864,4,10,92655,
pipe,1572864,16,1,28015,
pipe,1572864,16,2,23153,
pipe,1572864,16,3,23489,
pipe,1572864,16,4,26063,
pipe,1572864,16,5,26873,
pipe,1572864,16,6,24430,
pipe,1572864,16,7,29592,
pipe,1572864,16,8,16988,
pipe,1572864,16,9,29387,
pipe,1572864,16,10,25425,
pipe,1572864,64,1,7059,
pipe,1572864,64,2,7074,
pipe,1572864,64,3,7350,
pipe,1572864,64,4,4370,
pipe,1572864,64,5,7710,
pipe,1572864,64,6,5687,
pipe,1572864,64,7,4591,
pipe,1572864,64,8,6113,
pipe,1572864,64,9,5553,
pipe,1572864,64,10,5928,
pipe,1572864,256,1,1308,
pipe,1572864,256,2,2211,
pipe,1572864,256,3,1745,
pipe,1572864,256,4,1634,
pipe,1572864,256,5,1726,
pipe,1572864,256,6,1582,
pipe,1572864,256,7,1340,
pipe,1572864,256,8,1331,
pipe,1572864,256,9,1771,
pipe,1572864,256,10,1501,
pipe,1572864,1024,1,759,
pipe,1572864,1024,2,1139,
pipe,1572864,1024,3,944,
pipe,1572864,1024,4,793,
pipe,1572864,1024,5,760,
pipe,1572864,1024,6,492,
pipe,1572864,1024,7,930,
pipe,1572864,1024,8,1138,
pipe,1572864,1024,9,719,
pipe,1572864,1024,10,729,
pipe,1572864,4096,1,414,
pipe,1572864,4096,2,427,
pipe,1572864,4096,3,470,
pipe,1572864,4096,4,574,
pipe,1572864,4096,5,471,
pipe,1572864,4096,6,521,
pipe,1572864,4096,7,472,
pipe,1572864,4096,8,375,
pipe,1572864,4096,9,399,
pipe,1572864,4096,10,486,
pipe,1572864,16384,1,550,
pipe,1572864,16384,2,475,
pipe,1572864,16384,3,412,
pipe,1572864,16384,4,322,
pipe,1572864,16384,5,409,
pipe,1572864,16384,6,679,
pipe,1572864,16384,7,513,
pipe,1572864,16384,8,391,
pipe,1572864,16384,9,569,
pipe,1572864,16384,10,383,
pipe,1572864,65536,1,416,
pipe,1572864,65536,2,580,
pipe,1572864,65536,3,437,
pipe,1572864,65536,4,476,
pipe,1572864,65536,5,446,
pipe,1572864,65536,6,379,
pipe,1572864,65536,7,440,
pipe,1572864,65536,8,658,
pipe,1572864,65536,9,459,
pipe,1572864,65536,10,422,
pipe,2097152,4,1,116167,
pipe,2097152,4,2,165332,
pipe,2097152,4,3,137559,
pipe,2097152,4,4,152310,
pipe,2097152,4,5,112590,
pipe,2097152,4,6,85567,
pipe,2097152,4,7,130720,
pipe,2097152,4,8,129352,
pipe,2097152,4,9,146188,
pipe,2097152,4,10,96926,
pipe,2097152,16,1,35611,
pipe,2097152,16,2,23324,
pipe,2097152,16,3,25697,
pipe,2097152,16,4,28618,
pipe,2097152,16,5,28133,
pipe,2097152,16,6,32515,
pipe,2097152,16,7,36250,
pipe,2097152,16,8,27791,
pipe,2097152,16,9,37802,
pipe,2097152,16,10,34970,
pipe,2097152,64,1,7162,
pipe,2097152,64,2,6730,
pipe,2097152,64,3,5643,
pipe,2097152,64,4,6881,
pipe,2097152,64,5,7881,
pipe,2097152,64,6,6982,
pipe,2097152,64,7,6918,
pipe,2097152,64,8,8929,
pipe,2097152,64,9,8609,
pipe,2097152,64,10,7260,
pipe,2097152,256,1,1899,
pipe,2097152,256,2,1619,
pipe,2097152,256,3,1563,
pipe,2097152,256,4,1687,
pipe,2097152,256,5,1895,
pipe,2097152,256,6,1874,
pipe,2097152,256,7,1938,
pipe,2097152,256,8,1797,
pipe,2097152,256,9,1707,
pipe,2097152,256,10,1507,
pipe,2097152,1024,1,1079,
pipe,2097152,1024,2,982,
pipe,2097152,1024,3,1218,
pipe,2097152,1024,4,1045,
pipe,2097152,1024,5,1167,
pipe,2097152,1024,6,1345,
pipe,2097152,1024,7,1007,
pipe,2097152,1024,8,1148,
pipe,2097152,1024,9,1001,
pipe,2097152,1024,10,1232,
pipe,2097152,4096,1,718,
pipe,2097152,4096,2,552,
pipe,2097152,4096,3,573,
pipe,2097152,4096,4,541,
pipe,2097152,4096,5,682,
pipe,2097152,4096,6,628,
pipe,2097152,4096,7,555,
pipe,2097152,4096,8,565,
pipe,2097152,4096,9,587,
pipe,2097152,4096,10,613,
pipe,2097152,16384,1,589,
pipe,2097152,16384,2,527,
pipe,2097152,16384,3,565,
pipe,2097152,16384,4,480,
pipe,2097152,16384,5,621,
pipe,2097152,16384,6,504,
pipe,2097152,16384,7,568,
pipe,2097152,16384,8,535,
pipe,2097152,16384,9,518,
pipe,2097152,16384,10,598,
pipe,2097152,65536,1,562,
pipe,2097152,65536,2,757,
pipe,2097152,65536,3,488,
pipe,2097152,65536,4,1164,
pipe,2097152,65536,5,482,
pipe,2097152,65536,6,639,
pipe,2097152,65536,7,623,
pipe,2097152,65536,8,583,
pipe,2097152,65536,9,815,
pipe,2097152,65536,10,598,
pipe,2621440,4,1,131086,
pipe,2621440,4,2,161236,
pipe,2621440,4,3,154033,
pipe,2621440,4,4,150774,
pipe,2621440,4,5,130343,
pipe,2621440,4,6,195327,
pipe,2621440,4,7,178897,
pipe,2621440,4,8,210777,
pipe,2621440,4,9,124798,
pipe,2621440,4,10,122852,
pipe,2621440,16,1,42811,
pipe,2621440,16,2,43405,
pipe,2621440,16,3,29712,
pipe,2621440,16,4,33950,
pipe,2621440,16,5,27155,
pipe,2621440,16,6,47425,
pipe,2621440,16,7,32125,
pipe,2621440,16,8,33823,
pipe,2621440,16,9,28626,
pipe,2621440,16,10,32974,
pipe,2621440,64,1,9368,
pipe,2621440,64,2,11496,
pipe,2621440,64,3,8924,
pipe,2621440,64,4,8171,
pipe,2621440,64,5,9189,
pipe,2621440,64,6,9621,
pipe,2621440,64,7,11418,
pipe,2621440,64,8,10733,
pipe,2621440,64,9,7766,
pipe,2621440,64,10,8437,
pipe,2621440,256,1,2564,
pipe,2621440,256,2,2379,
pipe,2621440,256,3,2305,
pipe,2621440,256,4,2696,
pipe,2621440,256,5,2879,
pipe,2621440,256,6,2849,
pipe,2621440,256,7,2953,
pipe,2621440,256,8,2198,
pipe,2621440,256,9,2226,
pipe,2621440,256,10,2335,
pipe,2621440,1024,1,1209,
pipe,2621440,1024,2,2004,
pipe,2621440,1024,3,1411,
pipe,2621440,1024,4,1379,
pipe,2621440,1024,5,2379,
pipe,2621440,1024,6,1254,
pipe,2621440,1024,7,1878,
pipe,2621440,1024,8,1673,
pipe,2621440,1024,9,1283,
pipe,2621440,1024,10,1269,
pipe,2621440,4096,1,1085,
pipe,2621440,4096,2,726,
pipe,2621440,4096,3,842,
pipe,2621440,4096,4,751,
pipe,2621440,4096,5,952,
pipe,2621440,4096,6,828,
pipe,2621440,4096,7,913,
pipe,2621440,4096,8,1021,
pipe,2621440,4096,9,835,
pipe,2621440,4096,10,704,
pipe,2621440,16384,1,672,
pipe,2621440,16384,2,763,
pipe,2621440,16384,3,716,
pipe,2621440,16384,4,666,
pipe,2621440,16384,5,698,
pipe,2621440,16384,6,1056,
pipe,2621440,16384,7,1094,
pipe,2621440,16384,8,752,
pipe,2621440,16384,9,813,
pipe,2621440,16384,10,693,
pipe,2621440,65536,1,884,
pipe,2621440,65536,2,1455,
pipe,2621440,65536,3,675,
pipe,2621440,65536,4,1551,
pipe,2621440,65536,5,750,
pipe,2621440,65536,6,843,
pipe,2621440,65536,7,937,
pipe,2621440,65536,8,738,
pipe,2621440,65536,9,683,
pipe,2621440,65536,10,1169,
pipe,3145728,4,1,174135,
pipe,3145728,4,2,207394,
pipe,3145728,4,3,255087,
pipe,3145728,4,4,209345,
pipe,3145728,4,5,225934,
pipe,3145728,4,6,187899,
pipe,3145728,4,7,188257,
pipe,3145728,4,8,143395,
pipe,3145728,4,9,187733,
pipe,3145728,4,10,179370,
pipe,3145728,16,1,58018,
pipe,3145728,16,2,34923,
pipe,3145728,16,3,41881,
pipe,3145728,16,4,49562,
pipe,3145728,16,5,36998,
pipe,3145728,16,6,48098,
pipe,3145728,16,7,38254,
pipe,3145728,16,8,51870,
pipe,3145728,16,9,33524,
pipe,3145728,16,10,49788,
pipe,3145728,64,1,13500,
pipe,3145728,64,2,12662,
pipe,3145728,64,3,8328,
pipe,3145728,64,4,9242,
pipe,3145728,64,5,12443,
pipe,3145728,64,6,9220,
pipe,3145728,64,7,13973,
pipe,3145728,64,8,10229,
pipe,3145728,64,9,9068,
pipe,3145728,64,10,8440,
pipe,3145728,256,1,3463,
pipe,3145728,256,2,2384,
pipe,3145728,256,3,3093,
pipe,3145728,256,4,2169,
pipe,3145728,256,5,2546,
pipe,3145728,256,6,2349,
pipe,3145728,256,7,3307,
pipe,3145728,256,8,2375,
pipe,3145728,256,9,3295,
pipe,3145728,256,10,2526,
pipe,3145728,1024,1,1746,
pipe,3145728,1024,2,1542,
pipe,3145728,1024,3,1733,
pipe,3145728,1024,4,1958,
pipe,3145728,1024,5,1778,
pipe,3145728,1024,6,1552,
pipe,3145728,1024,7,1655,
pipe,3145728,1024,8,2659,
pipe,3145728,1024,9,1806,
pipe,3145728,1024,10,1633,
pipe,3145728,4096,1,818,
pipe,3145728,4096,2,885,
pipe,3145728,4096,3,881,
pipe,3145728,4096,4,833,
pipe,3145728,4096,5,971,
pipe,3145728,4096,6,911,
pipe,3145728,4096,7,814,
pipe,3145728,4096,8,950,
pipe,3145728,4096,9,903,
pipe,3145728,4096,10,1003,
pipe,3145728,16384,1,948,
pipe,3145728,16384,2,779,
pipe,3145728,16384,3,832,
pipe,3145728,16384,4,859,
pipe,3145728,16384,5,824,
pipe,3145728,16384,6,785,
pipe,3145728,16384,7,972,
pipe,3145728,16384,8,722,
pipe,3145728,16384,9,847,
pipe,3145728,16384,10,1240,
pipe,3145728,65536,1,762,
pipe,3145728,65536,2,1241,
pipe,3145728,65536,3,1712,
pipe,3145728,65536,4,775,
pipe,3145728,65536,5,762,
pipe,3145728,65536,6,966,
pipe,3145728,65536,7,733,
pipe,3145728,65536,8,935,
pipe,3145728,65536,9,1409,
pipe,3145728,65536,10,805,
pipe,3670016,4,1,215331,
pipe,3670016,4,2,212008,
pipe,3670016,4,3,290712,
pipe,3670016,4,4,259372,
pipe,3670016,4,5,212547,
pipe,3670016,4,6,238915,
pipe,3670016,4,7,281372,
pipe,3670016,4,8,288202,
pipe,3670016,4,9,236470,
pipe,3670016,4,10,250801,
pipe,3670016,16,1,71089,
pipe,3670016,16,2,63789,
pipe,3670016,16,3,68296,
pipe,3670016,16,4,41428,
pipe,3670016,16,5,45321,
pipe,3670016,16,6,66818,
pipe,3670016,16,7,48079,
pipe,3670016,16,8,62994,
pipe,3670016,16,9,51053,
pipe,3670016,16,10,63213,
pipe,3670016,64,1,17710,
pipe,3670016,64,2,13876,
pipe,3670016,64,3,12018,
pipe,3670016,64,4,15786,
pipe,3670016,64,5,11042,
pipe,3670016,64,6,16800,
pipe,3670016,64,7,15805,
pipe,3670016,64,8,11883,
pipe,3670016,64,9,11961,
pipe,3670016,64,10,10524,
pipe,3670016,256,1,2710,
pipe,3670016,256,2,3164,
pipe,3670016,256,3,3666,
pipe,3670016,256,4,2508,
pipe,3670016,256,5,4178,
pipe,3670016,256,6,2705,
pipe,3670016,256,7,2938,
pipe,3670016,256,8,3837,
pipe,3670016,256,9,2944,
pipe,3670016,256,10,3796,
pipe,3670016,1024,1,1859,
pipe,3670016,1024,2,2127,
pipe,3670016,1024,3,2338,
pipe,3670016,1024,4,2262,
pipe,3670016,1024,5,2488,
pipe,3670016,1024,6,2288,
pipe,3670016,1024,7,2567,
pipe,3670016,1024,8,2068,
pipe,3670016,1024,9,2681,
pipe,3670016,1024,10,2116,
pipe,3670016,4096,1,1879,
pipe,3670016,4096,2,1030,
pipe,3670016,4096,3,1417,
pipe,3670016,4096,4,1091,
pipe,3670016,4096,5,1018,
pipe,3670016,4096,6,1842,
pipe,3670016,4096,7,1180,
pipe,3670016,4096,8,1004,
pipe,3670016,4096,9,1134,
pipe,3670016,4096,10,1095,
pipe,3670016,16384,1,995,
pipe,3670016,16384,2,1331,
pipe,3670016,16384,3,968,
pipe,3670016,16384,4,1067,
pipe,3670016,16384,5,1089,
pipe,3670016,16384,6,901,
pipe,3670016,16384,7,1663,
pipe,3670016,16384,8,1018,
pipe,3670016,16384,9,1951,
pipe,3670016,16384,10,1044,
pipe,3670016,65536,1,2065,
pipe,3670016,65536,2,1031,
pipe,3670016,65536,3,1296,
pipe,3670016,65536,4,1111,
pipe,3670016,65536,5,1800,
pipe,3670016,65536,6,973,
pipe,3670016,65536,7,1103,
pipe,3670016,65536,8,1065,
pipe,3670016,65536,9,930,
pipe,3670016,65536,10,1114,
pipe,4194304,4,1,217600,
pipe,4194304,4,2,210086,
pipe,4194304,4,3,310343,
pipe,4194304,4,4,220254,
pipe,4194304,4,5,265920,
pipe,4194304,4,6,213791,
pipe,4194304,4,7,173234,
pipe,4194304,4,8,222505,
pipe,4194304,4,9,218427,
pipe,4194304,4,10,189047,
pipe,4194304,16,1,79091,
pipe,4194304,16,2,63943,
pipe,4194304,16,3,49968,
pipe,4194304,16,4,64895,
pipe,4194304,16,5,42940,
pipe,4194304,16,6,51163,
pipe,4194304,16,7,55481,
pipe,4194304,16,8,48011,
pipe,4194304,16,9,53363,
pipe,4194304,16,10,42178,
pipe,4194304,64,1,13721,
pipe,4194304,64,2,13543,
pipe,4194304,64,3,16588,
pipe,4194304,64,4,19245,
pipe,4194304,64,5,13929,
pipe,4194304,64,6,14969,
pipe,4194304,64,7,14260,
pipe,4194304,64,8,12144,
pipe,4194304,64,9,13871,
pipe,4194304,64,10,14424,
pipe,4194304,256,1,3664,
pipe,4194304,256,2,3028,
pipe,4194304,256,3,4304,
pipe,4194304,256,4,3357,
pipe,4194304,256,5,3257,
pipe,4194304,256,6,3545,
pipe,4194304,256,7,4041,
pipe,4194304,256,8,3700,
pipe,4194304,256,9,3138,
pipe,4194304,256,10,3316,
pipe,4194304,1024,1,2159,
pipe,4194304,1024,2,2583,
pipe,4194304,1024,3,2545,
pipe,4194304,1024,4,2409,
pipe,4194304,1024,5,2645,
pipe,4194304,1024,6,2640,
pipe,4194304,1024,7,3374,
pipe,4194304,1024,8,2784,
pipe,4194304,1024,9,2555,
pipe,4194304,1024,10,2654,
pipe,4194304,4096,1,1249,
pipe,4194304,4096,2,1322,
pipe,4194304,4096,3,1539,
pipe,4194304,4096,4,1436,
pipe,4194304,4096,5,1554,
pipe,4194304,4096,6,1494,
pipe,4194304,4096,7,1561,
pipe,4194304,4096,8,1500,
pipe,4194304,4096,9,1397,
pipe,4194304,4096,10,1280,
pipe,4194304,16384,1,1122,
pipe,4194304,16384,2,1019,
pipe,4194304,16384,3,1181,
pipe,4194304,16384,4,1103,
pipe,4194304,16384,5,1342,
pipe,4194304,16384,6,1101,
pipe,4194304,16384,7,1488,
pipe,4194304,16384,8,1215,
pipe,4194304,16384,9,1308,
pipe,4194304,16384,10,1188,
pipe,4194304,65536,1,1591,
pipe,4194304,65536,2,1325,
pipe,4194304,65536,3,1489,
pipe,4194304,65536,4,1172,
pipe,4194304,65536,5,1474,
pipe,4194304,65536,6,1141,
pipe,4194304,65536,7,1473,
pipe,4194304,65536,8,1100,
pipe,4194304,65536,9,986,
pipe,4194304,65536,10,1149,
pipe,4718592,4,1,243938,
pipe,4718592,4,2,217447,
pipe,4718592,4,3,202513,
pipe,4718592,4,4,359509,
pipe,4718592,4,5,295914,
pipe,4718592,4,6,194537,
pipe,4718592,4,7,216009,
pipe,4718592,4,8,220743,
pipe,4718592,4,9,364041,
pipe,4718592,4,10,212394,
pipe,4718592,16,1,48937,
pipe,4718592,16,2,57417,
pipe,4718592,16,3,49314,
pipe,4718592,16,4,51177,
pipe,4718592,16,5,51380,
pipe,4718592,16,6,47780,
pipe,4718592,16,7,59546,
pipe,4718592,16,8,68304,
pipe,4718592,16,9,65082,
pipe,4718592,16,10,84627,
pipe,4718592,64,1,14822,
pipe,4718592,64,2,14646,
pipe,4718592,64,3,14692,
pipe,4718592,64,4,13123,
pipe,4718592,64,5,18143,
pipe,4718592,64,6,18554,
pipe,4718592,64,7,14588,
pipe,4718592,64,8,14050,
pipe,4718592,64,9,15835,
pipe,4718592,64,10,20684,
pipe,4718592,256,1,3854,
pipe,4718592,256,2,3650,
pipe,4718592,256,3,3605,
pipe,4718592,256,4,3462,
pipe,4718592,256,5,5072,
pipe,4718592,256,6,3597,
pipe,4718592,256,7,3951,
pipe,4718592,256,8,3789,
pipe,4718592,256,9,3704,
pipe,4718592,256,10,3684,
pipe,4718592,1024,1,2816,
pipe,4718592,1024,2,2485,
pipe,4718592,1024,3,3450,
pipe,4718592,1024,4,3271,
pipe,4718592,1024,5,2899,
pipe,4718592,1024,6,2447,
pipe,4718592,1024,7,2869,
pipe,4718592,1024,8,2604,
pipe,4718592,1024,9,2468,
pipe,4718592,1024,10,2240,
pipe,4718592,4096,1,1492,
pipe,4718592,4096,2,1518,
pipe,4718592,4096,3,1491,
pipe,4718592,4096,4,1336,
pipe,4718592,4096,5,1302,
pipe,4718592,4096,6,1305,
pipe,4718592,4096,7,1318,
pipe,4718592,4096,8,1429,
pipe,4718592,4096,9,1419,
pipe,4718592,4096,10,1605,
pipe,4718592,16384,1,1178,
pipe,4718592,16384,2,1172,
pipe,4718592,16384,3,1428,
pipe,4718592,16384,4,1784,
pipe,4718592,16384,5,1253,
pipe,4718592,16384,6,1567,
pipe,4718592,16384,7,2139,
pipe,4718592,16384,8,1326,
pipe,4718592,16384,9,1627,
pipe,4718592,16384,10,1477,
pipe,4718592,65536,1,1356,
pipe,4718592,65536,2,1257,
pipe,4718592,65536,3,1360,
pipe,4718592,65536,4,1260,
pipe,4718592,65536,5,1525,
pipe,4718592,65536,6,1371,
pipe,4718592,65536,7,2669,
pipe,4718592,65536,8,1241,
pipe,4718592,65536,9,1477,
pipe,4718592,65536,10,1363,
pipe,5242880,4,1,353646,
pipe,5242880,4,2,371578,
pipe,5242880,4,3,332442,
pipe,5242880,4,4,295983,
pipe,5242880,4,5,344203,
pipe,5242880,4,6,243447,
pipe,5242880,4,7,263516,
pipe,5242880,4,8,339493,
pipe,5242880,4,9,225952,
pipe,5242880,4,10,336798,
pipe,5242880,16,1,53726,
pipe,5242880,16,2,102460,
pipe,5242880,16,3,71999,
pipe,5242880,16,4,88752,
pipe,5242880,16,5,54893,
pipe,5242880,16,6,88218,
pipe,5242880,16,7,55699,
pipe,5242880,16,8,75323,
pipe,5242880,16,9,57412,
pipe,5242880,16,10,90517,
pipe,5242880,64,1,14620,
pipe,5242880,64,2,21587,
pipe,5242880,64,3,14761,
pipe,5242880,64,4,17890,
pipe,5242880,64,5,17213,
pipe,5242880,64,6,16580,
pipe,5242880,64,7,18160,
pipe,5242880,64,8,26545,
pipe,5242880,64,9,22235,
pipe,5242880,64,10,14795,
pipe,5242880,256,1,5302,
pipe,5242880,256,2,3728,
pipe,5242880,256,3,4670,
pipe,5242880,256,4,4763,
pipe,5242880,256,5,5079,
pipe,5242880,256,6,3833,
pipe,5242880,256,7,3728,
pipe,5242880,256,8,4342,
pipe,5242880,256,9,5896,
pipe,5242880,256,10,4958,
pipe,5242880,1024,1,2680,
pipe,5242880,1024,2,2919,
pipe,5242880,1024,3,4053,
pipe,5242880,1024,4,2704,
pipe,5242880,1024,5,2855,
pipe,5242880,1024,6,3176,
pipe,5242880,1024,7,3348,
pipe,5242880,1024,8,3067,
pipe,5242880,1024,9,2735,
pipe,5242880,1024,10,2784,
pipe,5242880,4096,1,1558,
pipe,5242880,4096,2,1655,
pipe,5242880,4096,3,1602,
pipe,5242880,4096,4,1637,
pipe,5242880,4096,5,1484,
pipe,5242880,4096,6,1598,
pipe,5242880,4096,7,1681,
pipe,5242880,4096,8,1582,
pipe,5242880,4096,9,1559,
pipe,5242880,4096,10,1495,
pipe,5242880,16384,1,1424,
pipe,5242880,16384,2,1530,
pipe,5242880,16384,3,1469,
pipe,5242880,16384,4,1247,
pipe,5242880,16384,5,1341,
pipe,5242880,16384,6,1989,
pipe,5242880,16384,7,1465,
pipe,5242880,16384,8,1325,
pipe,5242880,16384,9,1497,
pipe,5242880,16384,10,1633,
pipe,5242880,65536,1,1366,
pipe,5242880,65536,2,1355,
pipe,5242880,65536,3,1451,
pipe,5242880,65536,4,1414,
pipe,5242880,65536,5,1408,
pipe,5242880,65536,6,1456,
pipe,5242880,65536,7,1481,
pipe,5242880,65536,8,1641,
pipe,5242880,65536,9,1401,
pipe,5242880,65536,10,1526,
pipe,5767168,4,1,337155,
pipe,5767168,4,2,458691,
pipe,5767168,4,3,273409,
pipe,5767168,4,4,455230,
pipe,5767168,4,5,450898,
pipe,5767168,4,6,258042,
pipe,5767168,4,7,347655,
pipe,5767168,4,8,313017,
pipe,5767168,4,9,239099,
pipe,5767168,4,10,359328,
pipe,5767168,16,1,60048,
pipe,5767168,16,2,55100,
pipe,5767168,16,3,66570,
pipe,5767168,16,4,71904,
pipe,5767168,16,5,65823,
pipe,5767168,16,6,70706,
pipe,5767168,16,7,101558,
pipe,5767168,16,8,105298,
pipe,5767168,16,9,67183,
pipe,5767168,16,10,76354,
pipe,5767168,64,1,21174,
pipe,5767168,64,2,21509,
pipe,5767168,64,3,19854,
pipe,5767168,64,4,20755,
pipe,5767168,64,5,18577,
pipe,5767168,64,6,22434,
pipe,5767168,64,7,17301,
pipe,5767168,64,8,15757,
pipe,5767168,64,9,21292,
pipe,5767168,64,10,16660,
pipe,5767168,256,1,4627,
pipe,5767168,256,2,4889,
pipe,5767168,256,3,5043,
pipe,5767168,256,4,4115,
pipe,5767168,256,5,4150,
pipe,5767168,256,6,6913,
pipe,5767168,256,7,5485,
pipe,5767168,256,8,6411,
pipe,5767168,256,9,4432,
pipe,5767168,256,10,5382,
pipe,5767168,1024,1,4534,
pipe,5767168,1024,2,4130,
pipe,5767168,1024,3,3329,
pipe,5767168,1024,4,3526,
pipe,5767168,1024,5,4267,
pipe,5767168,1024,6,3986,
pipe,5767168,1024,7,4662,
pipe,5767168,1024,8,3581,
pipe,5767168,1024,9,3860,
pipe,5767168,1024,10,4296,
pipe,5767168,4096,1,2162,
pipe,5767168,4096,2,2156,
pipe,5767168,4096,3,1966,
pipe,5767168,4096,4,2307,
pipe,5767168,4096,5,1870,
pipe,5767168,4096,6,2483,
pipe,5767168,4096,7,1816,
pipe,5767168,4096,8,2292,
pipe,5767168,4096,9,2196,
pipe,5767168,4096,10,1825,
pipe,5767168,16384,1,1439,
pipe,5767168,16384,2,1576,
pipe,5767168,16384,3,1394,
pipe,5767168,16384,4,3309,
pipe,5767168,16384,5,1771,
pipe,5767168,16384,6,1610,
pipe,5767168,16384,7,2010,
pipe,5767168,16384,8,2205,
pipe,5767168,16384,9,1705,
pipe,5767168,16384,10,2086,
pipe,5767168,65536,1,1964,
pipe,5767168,65536,2,2599,
pipe,5767168,65536,3,1795,
pipe,5767168,65536,4,1607,
pipe,5767168,65536,5,2578,
pipe,5767168,65536,6,1744,
pipe,5767168,65536,7,2444,
pipe,5767168,65536,8,1562,
pipe,5767168,65536,9,1588,
pipe,5767168,65536,10,2523,
